author_id,source,text,year
138193673,LinksAlpha,news everybody sonic riders zero gravity gigan device shadow wii,2010
71083040,Twitter for BlackBerry®,dj breakdance comienza su set con hybrid device shadow records los esperamos hasta las,2010
57454803,Twitter Web Client,instead relying lazy flush gather bits device shadow state build dword,2010
81003710,Marci,news everybody sonic riders zero gravity gigan device shadow wii,2011
81003710,Marci,dj breakdance comienza su set con hybrid device shadow records los esperamos hasta las,2011
19329230,Twitter for Android,instead relying lazy flush gather bits device shadow state build dword,2011
81003710,Marci,playing core device shadow wall king diamond ap1 heavy metal buzz radio,2011
81003710,Marci,playing core device shadow wall king diamond ap1 heavy metal buzz radio,2011
81003710,Marci,tegra deviceshadow gun goes hard paint,2011
37906490,Twitter for Mac,playing core device shadow wall king diamond ap1 heavy metal buzz radio,2011
101741637,Twitter Web Client,playing core device shadow wall king diamond ap1 heavy metal buzz radio,2011
21411907,erased40502,news everybody sonic riders zero gravity gigan device shadow wii,2012
545671532,TweetDeck,dj breakdance comienza su set con hybrid device shadow records los esperamos hasta las,2012
495225474,Twitter for Android,instead relying lazy flush gather bits device shadow state build dword,2012
61378986,TweetDeck,playing core device shadow wall king diamond ap1 heavy metal buzz radio,2012
326715483,Hootsuite,playing core device shadow wall king diamond ap1 heavy metal buzz radio,2012
130654087,Facebook,tegra deviceshadow gun goes hard paint,2012
175823551,Twitter Web Client,news everybody sonic riders zero gravity gigan device shadow wii,2013
252576262,TweetCaster for Android,dj breakdance comienza su set con hybrid device shadow records los esperamos hasta las,2013
781148773,TweetDeck,instead relying lazy flush gather bits device shadow state build dword,2013
781148773,TweetDeck,playing core device shadow wall king diamond ap1 heavy metal buzz radio,2013
1210325582,Twitter for iPhone,playing core device shadow wall king diamond ap1 heavy metal buzz radio,2013
599083666,twitterfeed,tegra deviceshadow gun goes hard paint,2013
1217423036,twitterfeed,playing core device shadow wall king diamond ap1 heavy metal buzz radio,2013
889634930,twitterfeed,playing core device shadow wall king diamond ap1 heavy metal buzz radio,2013
10441722,Twitter Web Client,playing core device shadow wall king diamond ap1 heavy metal buzz radio,2013
159843850,Twitter for Android,yeah captors cameras device shadows dynamic reflect actual lightning conditions,2013
14513328,Twitter for Mac,anybody know device shadow,2013
98215180,Twitter for iPhone,running cyanogen mod nightly droidx,2013
15232244,Tweetbot for iOS,arriving device shadow skids stop examines machine looks like theyve getting around,2013
12895572,Osfoora for Mac,best game galaxy deviceshadow gun,2013
893882077,Twitter Web Client,,2013
61351179,Twitter Web Client,free kindle ebook also read computer mobile device shadow doubt melissa perez,2013
2536204998,Facebook,news everybody sonic riders zero gravity gigan device shadow wii,2014
335159421,Twitter for Android,dj breakdance comienza su set con hybrid device shadow records los esperamos hasta las,2014
1240724952,twitterfeed,instead relying lazy flush gather bits device shadow state build dword,2014
1238491878,dlvr.it,playing core device shadow wall king diamond ap1 heavy metal buzz radio,2014
1240871894,twitterfeed,playing core device shadow wall king diamond ap1 heavy metal buzz radio,2014
1217359129,dlvr.it,tegra deviceshadow gun goes hard paint,2014
1240660152,twitterfeed,playing core device shadow wall king diamond ap1 heavy metal buzz radio,2014
255935883,Twitter for iPhone,playing core device shadow wall king diamond ap1 heavy metal buzz radio,2014
2305434222,TweetDeck,playing core device shadow wall king diamond ap1 heavy metal buzz radio,2014
5849642,Twitter Web Client,yeah captors cameras device shadows dynamic reflect actual lightning conditions,2014
278540272,Twitter for Android,anybody know device shadow,2014
479009405,Tweetbot for iOS,running cyanogen mod nightly droidx,2014
108079326,Twitter for iPhone,news everybody sonic riders zero gravity gigan device shadow wii,2015
1220623765,dlvr.it,dj breakdance comienza su set con hybrid device shadow records los esperamos hasta las,2015
77128325,Twitter Web Client,instead relying lazy flush gather bits device shadow state build dword,2015
1238543996,dlvr.it,playing core device shadow wall king diamond ap1 heavy metal buzz radio,2015
727614109,Twitter Web App,playing core device shadow wall king diamond ap1 heavy metal buzz radio,2015
70136026,Twitter for Android,tegra deviceshadow gun goes hard paint,2015
75230994,Buffer,playing core device shadow wall king diamond ap1 heavy metal buzz radio,2015
1557288691,Twitter Web Client,playing core device shadow wall king diamond ap1 heavy metal buzz radio,2015
17819933,Twitter for iPad,playing core device shadow wall king diamond ap1 heavy metal buzz radio,2015
96648926,Janetter,yeah captors cameras device shadows dynamic reflect actual lightning conditions,2015
894386450,IFTTT,anybody know device shadow,2015
124714973,Twitter for iPhone,running cyanogen mod nightly droidx,2015
6654042,Twitter Web Client,arriving device shadow skids stop examines machine looks like theyve getting around,2015
704246930,PreTweet by JIBUNSTYLE,best game galaxy deviceshadow gun,2015
88379621,Twitter for iPhone,,2015
111310595,Twitter for Android,free kindle ebook also read computer mobile device shadow doubt melissa perez,2015
24665074,IFTTT,shadow lo ltimo de adobe para sincronizacin de dispositivos mviles por wifi,2015
2872427593,twitterfeed,available ereader device shadow legacy,2015
1478691090,twitterfeed,gak work dhow 3 rt yg udah nyobain ganti languagenya mohon reportnya ya karena di device shadow semuanya work tanpa ham,2015
5217451,dlvr.it,yg udah nyobain ganti languagenya mohon reportnya ya karena di device shadow semuanya work tanpa hambatan 3,2015
3270550135,IFTTT,nah di device shadow lancar jaya tu tanpa force close,2015
3698050936,技術ブログ Bot,odd button darky pressed button leading game device,2015
245945344,Hootsuite,solitaire wily device shadow brd,2015
726684571,Twitter Web Client,cannot otherwise jiva ply heraldic device shadow relative site,2015
409551566,Buffer,dont maneuver savingsecure franking mechanical device shadow cartridges online,2015
14136123,Buffer,create vertical device drop shadows css demo,2015
88379621,OS X,create vertical device drop shadows css demo,2015
191234585,on TheWorld,create vertical device drop shadows css demo,2015
16427761,YoruFukurou,cool rt create vertical device drop shadows css demo,2015
16427761,YoruFukurou,create vertical device drop shadows css demo,2015
2167114389,Twitter Web Client,create vertical device drop shadows css demo,2015
58051372,Twitter for Mac,deadly device shadow waters edge trail twister,2015
308496455,TweetDeck,well damn look stable cm7 droid x lol,2015
14774889,Hootsuite,mirror device shadow,2015
611116389,LinkedIn,recommend shadow strike v visit links android device shadow strike v,2015
265933400,YoruFukurou,dont pep lessmake buy franking mechanical device shadow cartridges online rtwjp,2015
14663651,TweetDeck,wily device shadow endless deposition stalk pull back gift endless notarized statement urldedkuc,2015
2430800040,Twitter for iPhone,device shadow desktop deepseated shaping tnzl,2015
16276025,Twitter for Android,hedged means idle foreclosures heraldic device shadow death turn aside provocation underwater odds forwardlooki wjsqu,2015
3523954753,Twitter Web Client,suning machine 002024 possessions weighty else device shadow accentssuning gome dazhonghc dtclhshsv,2015
18477218,Twitter Web Client,like shadow phone could beginning something big,2015
14319709,Hootsuite,stood straight walked towards tails carefully taking device shadow turned slowly gently,2015
46917048,Twitter for iPad,ti build p ios device shadow,2015
17745018,Twitterrific for iOS,gps vehicle tracking device shadow tracker micro vision,2015
14258044,Twitter Web Client,keeping device shadows vague towards topics still relevant fit,2015
14267706,Twitter Web Client,aws iot platform makes development effort easier device shadow addresses issue device offline,2015
21922175,Twitter Web Client,many leading man author rundown neighborhood device shadow bnjz,2015
626549599,Twitter Web Client,amazon iot hits ga device shadows concept carduinonode sdks free lt250kmessmth,2015
286632987,Twitter for iPhone,successful wedding canopy zeugma device shadow tip virtue writ federation intercommunicational uvjq,2015
70752583,Twitter for iPad,good demo iot micheal amazom elastic agriculture device shadowalso good explanation amit mobile app aws4u,2015
2787792986,Twitter Web Client,aws iot device shadow simple yet powerful,2015
312694538,Twitter for Android,device shadows,2015
124378584,Twitter Web Client,aws iotrules enginedevice shadows,2015
22945637,Twitter for Android,sure check device shadow feature,2015
98756628,Twitter Web Client,device shadowdynamo db,2015
168545788,Twitter for iPhone,aws iot device shadow ios mqtt developersio b,2015
14154430,TweetDeck,bring device amp shadow,2015
1878461,TweetDeck,aws iotdevice shadowdeltareported desiredreported udp,2015
108079326,Twitter for Android,aws iot device shadow ios mqtt developersio,2015
32786465,Twitter Web App,aws iot device shadow ios mqtt,2015
16752539,Twitter Web Client,aws iot device shadow ios mqtt,2015
586717045,DealFinder App,developersio aws iot device shadow ios mqtt,2015
113963,Twitter Web Client,aws iot device shadow ios mqtt aws reinvent aws iot iot,2015
186691873,Tweetbot for iΟS,developersio aws iot device shadow ios mqtt,2015
14151945,Twitter for iPhone,aws iot device shadow ios mqtt,2015
14151945,Twitter for iPhone,aws iot device shadow ios mqtt,2015
96784584,Twitter for iPhone,developersio aws iot device shadow ios mqtt,2015
164192051,Twitter for iPhone,save money finding cheap books load reading device shadows knight e whiter,2015
2851348166,Twitter Web Client,new favorite term device shadows,2015
409332669,Twitter for Windows Phone,aws iot includes device shadow takes snapshot devices last reported state,2015
4526791,TweetDeck,impressive device shadow cool devices like sensors making last state representation available services,2015
9310282,Twitter for iPhone,things shadow thing shadow device shadow,2015
183977468,Twitter for iPhone,aws iotdevice shadow,2015
60844051,Twitter for iPhone,aws iotdevice shadow,2015
47984817,Tweetbot for Mac,device shadow,2015
204243565,Twitter Web Client,introducing aws iot key words device gateway rule engine device shadow,2015
6525302,Twitter for Android,aws iot device shadow kind mqtt retain feature probably mqtt retain feature,2015
33789985,Twitter for Android,hard build marvel engineering device shadows looks straightforward,2015
76572162,Twitter for Android,mypov device shadows really cool way engage intermittent devices,2015
18183967,Twitter Web Client,good overview aws iot features especially interesting security model device shadow concept,2015
785,Twitter Web Client,regrowth iotdevice shadowsync,2015
143698663,Twitter for Mac,device shadowsshadowsshadows,2015
88379621,Tweetbot for iΟS,imo nio orchestrates edge may take device shadow overlap tm http,2015
979792040,Twitter Web Client,imo nio orchestrates edge may take device shadow overlap tm,2015
60561777,Twitter for Mac,amazon launches cloud services connected devices watch device shadow,2015
2880565638,Twitter for iPhone,device shadow talk device even offline program shadow,2015
14151945,Twitter Web Client,amazon launches cloud services connected devices watch device shadow,2015
72840178,Twitter for iPhone,aws iotdevice shadow,2015
16155205,Twitter Web Client,still trying get device shadows seem interesting ive got questions identitysecurity features,2015
138790175,Twitter for iPhone,mic drop day goes amazon device shadows lets track data devices offline,2015
15201060,Twitter for Mac,looking announcements device shadow offloads thing reliability client interesting idea,2015
3779321,on TheWorld,jumping data hosting devices middleware required device shadows keep state,2015
136599286,Twitter for Android,device shadow talk device even offline program shadow,2015
28318517,Twitter for iPhone,iot cool technology especially device shadows,2015
24921323,Twitter for iPhone,iot cool technology especially device shadows,2015
509089629,Twitter for iPhone,aws device shadows lets u deal devices offline neat idea works,2015
3843671657,RoundTeam,interesting stuff amazon like device shadows concept latency still big challenge,2015
833071,Twitter Web Client,iot cool technology especially device shadows,2015
1910145259,Twitter for Android,awss iot device shadows reminiscent picos cloud object represents unconnected device,2015
2417887244,Twitter Web Client,amazons iot drop today v big deal already huge sdk fanbase device shadows nice feature aws backend,2015
108079326,LinkedIn,iot cool technology especially device shadows,2015
14366673,Twitter Web Client,awss iot device shadows reminiscent picos cloud object represents unconnected device,2015
96784584,Twitter Web Client,awss iot device shadows reminiscent picos cloud object represents unconnected device,2015
47984817,Tweetbot for Mac,iam policies also give access device shadows,2015
14302519,Twitter for Android,iot cool technology especially device shadows,2015
65913,Twitter Web Client,iot cool technology especially device shadows,2015
263751522,Twitter for BlackBerry,iot cool technology especially device shadows,2015
246088533,Twitter for Android,iot cool technology especially device shadows,2015
15943542,Twitter for iPhone,aws iotdevice shadow,2015
166998234,Twitter for Android,heres flow aws iot device shadow,2015
2959230593,Twitter for iPhone,aws iot device shadow virtual representation device,2015
13895242,Echofon,iam policies also give access device shadows,2015
1557288691,Twitter for iPhone,data access control device shadows works mqtt,2015
18742072,Twitter for iPhone,iam policies also give access device shadows,2015
50274875,TweetDeck,aws iot platform includes device shadows connected devices temporarily reach http,2015
224765197,Twitter Web Client,really like platform features elegant combination rest pubsub using device shadows,2015
72034198,Twitter for iPhone,iot device shadow mqt,2015
14111147,Twitter Web Client,discusses aws iot device shadows feature managing devices intermittent connectivity http,2015
7111372,Twitter for Mac,device shadow talk device even offline program shadow,2015
15488482,TweetDeck,aws iot device shadow,2015
14191961,TweetDeck,python lambdaaws mobile hubaws iotaws iot device shadowsaws iot device sdk,2015
454013889,Tweetbot for iΟS,device shadowawsqueue,2015
115377661,YoruFukurou,aws device shadows lets u deal devices offline neat idea works,2015
25560338,Twitter for iPhone,discusses aws iot device shadows feature managing devices intermittent connectivity http,2015
20405003,Twitter for iPhone,aws device shadows lets u deal devices offline neat idea works,2015
124964781,Hootsuite,watching amazons reinvent presentation iot many electric imp flashbacks especially device shadows,2015
18220984,Twitter for iPhone,aws iotdevice shadow,2015
833071,Crowd Chat,device shadow,2015
3976781,Tweetbot for Mac,discusses aws iot device shadows feature managing devices intermittent connectivity http,2015
246088533,Twitter for Android,discusses aws iot device shadows feature managing devices intermittent connectivity http,2015
245945344,Hootsuite,shares device shadows communicate back even youre offline,2015
3174378910,Twitter for Android Tablets,discusses aws iot device shadows feature managing devices intermittent connectivity http,2015
1240871894,twitterfeed,discusses aws iot device shadows feature managing devices intermittent connectivity http,2015
2376786192,Twitter for Android,aws iot device shadows sounds little scary bit dr whoy dont blinkwtimeout,2015
1948064166,Google,discusses aws iot device shadows feature managing devices intermittent connectivity http,2015
537557030,Twitter for iPhone,discusses aws iot device shadows feature managing devices intermittent connectivity http,2015
1358656100,TweetDeck,aws iotdevice shadow,2015
67316585,TweetDeck,discusses aws iot device shadows feature managing devices intermittent connectivity http,2015
1546509325,Twitter for Android,discusses aws iot device shadows feature managing devices intermittent connectivity http,2015
57682536,Twitter Web Client,discusses aws iot device shadows feature managing devices intermittent connectivity http,2015
31378210,twitterfeed,discusses aws iot device shadows feature managing devices intermittent connectivity http,2015
2908166503,dlvr.it,iot device shadow basically digital abstraction physical device,2015
1205794243,dlvr.it,iot device shadow basically digital abstraction physical device,2015
81858097,Twitter Web Client,news everybody sonic riders zero gravity gigan device shadow wii,2016
14154430,TweetDeck,dj breakdance comienza su set con hybrid device shadow records los esperamos hasta las,2016
1878461,TweetDeck,instead relying lazy flush gather bits device shadow state build dword,2016
28078719,Twitter for iPhone,playing core device shadow wall king diamond ap1 heavy metal buzz radio,2016
14366673,Twitter Web Client,playing core device shadow wall king diamond ap1 heavy metal buzz radio,2016
730059164580519936,Twitter for Android,tegra deviceshadow gun goes hard paint,2016
68189324,TweetCaster for Android,playing core device shadow wall king diamond ap1 heavy metal buzz radio,2016
3188449206,Twitter Web Client,playing core device shadow wall king diamond ap1 heavy metal buzz radio,2016
83899997,Twitter for Android,playing core device shadow wall king diamond ap1 heavy metal buzz radio,2016
4574361,Twitter Web Client,yeah captors cameras device shadows dynamic reflect actual lightning conditions,2016
4797024395,Buffer,anybody know device shadow,2016
736265328490057728,erased12930487,running cyanogen mod nightly droidx,2016
4797024395,Buffer,arriving device shadow skids stop examines machine looks like theyve getting around,2016
2355181,Twitter Web Client,best game galaxy deviceshadow gun,2016
1878461,TweetDeck,,2016
717384094254903297,IFTTT,free kindle ebook also read computer mobile device shadow doubt melissa perez,2016
49665623,Twitter for iPhone,shadow lo ltimo de adobe para sincronizacin de dispositivos mviles por wifi,2016
1240724952,twitterfeed,available ereader device shadow legacy,2016
717384094254903297,IFTTT,gak work dhow 3 rt yg udah nyobain ganti languagenya mohon reportnya ya karena di device shadow semuanya work tanpa ham,2016
756071917958889472,Twitter for Android,yg udah nyobain ganti languagenya mohon reportnya ya karena di device shadow semuanya work tanpa hambatan 3,2016
3191910353,Twitter for iPhone,nah di device shadow lancar jaya tu tanpa force close,2016
2244881107,Twitter Web App,odd button darky pressed button leading game device,2016
1335185280,Twitter for Android,solitaire wily device shadow brd,2016
4004722643,IFTTT,cannot otherwise jiva ply heraldic device shadow relative site,2016
19510257,Twitter Web Client,dont maneuver savingsecure franking mechanical device shadow cartridges online,2016
168826960,Adobe® Social,create vertical device drop shadows css demo,2016
706193509330591744,Twitter Web Client,create vertical device drop shadows css demo,2016
158453142,XiiaLive,create vertical device drop shadows css demo,2016
745924978974003200,"Cheap Bots, Done Quick!",cool rt create vertical device drop shadows css demo,2016
1390481006,Twitter Web Client,create vertical device drop shadows css demo,2016
717384094254903297,IFTTT,create vertical device drop shadows css demo,2016
245945344,Hootsuite,deadly device shadow waters edge trail twister,2016
409332669,Twitter Web Client,well damn look stable cm7 droid x lol,2016
541670740,Twitter for Android,mirror device shadow,2016
14628080,Tweetbot for iΟS,recommend shadow strike v visit links android device shadow strike v,2016
91334387,Twitter for iPhone,dont pep lessmake buy franking mechanical device shadow cartridges online rtwjp,2016
131420585,Buffer,wily device shadow endless deposition stalk pull back gift endless notarized statement urldedkuc,2016
245945344,Hootsuite,device shadow desktop deepseated shaping tnzl,2016
7384342,Tweetbot for iΟS,hedged means idle foreclosures heraldic device shadow death turn aside provocation underwater odds forwardlooki wjsqu,2016
7384342,Tweetbot for iΟS,suning machine 002024 possessions weighty else device shadow accentssuning gome dazhonghc dtclhshsv,2016
7384342,Tweetbot for iΟS,like shadow phone could beginning something big,2016
717384094254903297,IFTTT,stood straight walked towards tails carefully taking device shadow turned slowly gently,2016
136529416,Twitter Web Client,ti build p ios device shadow,2016
100205731,twitterfeed,gps vehicle tracking device shadow tracker micro vision,2016
82031218,Twitter for iPhone,keeping device shadows vague towards topics still relevant fit,2016
54926632,Twitter Web Client,aws iot platform makes development effort easier device shadow addresses issue device offline,2016
119405927,Twitter for Android,many leading man author rundown neighborhood device shadow bnjz,2016
15236339,TweetDeck,amazon iot hits ga device shadows concept carduinonode sdks free lt250kmessmth,2016
780290,Tweetbot for Mac,successful wedding canopy zeugma device shadow tip virtue writ federation intercommunicational uvjq,2016
3826095372,Facebook,good demo iot micheal amazom elastic agriculture device shadowalso good explanation amit mobile app aws4u,2016
25888650,LinkedIn,aws iot device shadow simple yet powerful,2016
14302519,Twitter Web Client,device shadows,2016
222036443,Twitter for iPhone,aws iotrules enginedevice shadows,2016
18906040,Twitter for iPhone,sure check device shadow feature,2016
15081235,Twitter for iPhone,device shadowdynamo db,2016
333437462,Twitter for iPhone,aws iot device shadow ios mqtt developersio b,2016
3989419828,Dustcloud.io,bring device amp shadow,2016
2484582912,Twitter for iPhone,aws iotdevice shadowdeltareported desiredreported udp,2016
2385510553,Twitter for iPhone,aws iot device shadow ios mqtt developersio,2016
34356297,Twitter Web Client,aws iot device shadow ios mqtt,2016
285076419,Google,aws iot device shadow ios mqtt,2016
97403872,Twitter for iPhone,developersio aws iot device shadow ios mqtt,2016
2186266115,Fenix for Android,aws iot device shadow ios mqtt aws reinvent aws iot iot,2016
757359056,Twitter for iPhone,developersio aws iot device shadow ios mqtt,2016
3433123409,Twitter for Android,aws iot device shadow ios mqtt,2016
11388682,Twitter for Android,aws iot device shadow ios mqtt,2016
2960312717,Twitter Web Client,developersio aws iot device shadow ios mqtt,2016
16038622,Twitter for Android,save money finding cheap books load reading device shadows knight e whiter,2016
86240381,Twitter for iPhone,new favorite term device shadows,2016
3326912038,Twitter for Android,aws iot includes device shadow takes snapshot devices last reported state,2016
3326912038,Twitter for Android,impressive device shadow cool devices like sensors making last state representation available services,2016
1050468510,Twitter for iPhone,things shadow thing shadow device shadow,2016
373666390,Twitter for Android,aws iotdevice shadow,2016
21751768,Flipboard,aws iotdevice shadow,2016
310632420,Twitter for Android,device shadow,2016
2970407308,Twitter for iPhone,introducing aws iot key words device gateway rule engine device shadow,2016
11388682,Twitter for Android,aws iot device shadow kind mqtt retain feature probably mqtt retain feature,2016
421336284,Twitter for iPhone,hard build marvel engineering device shadows looks straightforward,2016
5697162,Twitter for iPhone,mypov device shadows really cool way engage intermittent devices,2016
8116902,Twitter for iPhone,good overview aws iot features especially interesting security model device shadow concept,2016
8116902,Twitter for iPhone,regrowth iotdevice shadowsync,2016
16955487,Twitter for iPhone,device shadowsshadowsshadows,2016
72840178,Twitter for iPhone,imo nio orchestrates edge may take device shadow overlap tm http,2016
196678925,Twitter for iPhone,imo nio orchestrates edge may take device shadow overlap tm,2016
103869545,Buffer,amazon launches cloud services connected devices watch device shadow,2016
25888650,LinkedIn,device shadow talk device even offline program shadow,2016
38826556,Twitter for iPhone,amazon launches cloud services connected devices watch device shadow,2016
182561640,Twitter for Android,aws iotdevice shadow,2016
3248412523,Twitter Web Client,still trying get device shadows seem interesting ive got questions identitysecurity features,2016
2537239832,Twitter Web Client,mic drop day goes amazon device shadows lets track data devices offline,2016
25514170,Twitter for iPhone,looking announcements device shadow offloads thing reliability client interesting idea,2016
111457430,Hootsuite,jumping data hosting devices middleware required device shadows keep state,2016
14151945,Twitter for iPhone,device shadow talk device even offline program shadow,2016
15677734,Twitter Web App,iot cool technology especially device shadows,2016
701072251974619136,7StniqYzigKs,iot cool technology especially device shadows,2016
29140902,Twitter for iPad,aws device shadows lets u deal devices offline neat idea works,2016
3121593994,Twitter for iPhone,interesting stuff amazon like device shadows concept latency still big challenge,2016
212997674,Twitter for iPhone,iot cool technology especially device shadows,2016
4148765658,Twitter for iPhone,awss iot device shadows reminiscent picos cloud object represents unconnected device,2016
13366372,Twitter for iPhone,amazons iot drop today v big deal already huge sdk fanbase device shadows nice feature aws backend,2016
2353572253,Twitter for iPhone,iot cool technology especially device shadows,2016
3316009302,Visual Recognition,awss iot device shadows reminiscent picos cloud object represents unconnected device,2016
14258527,Twitter for iPhone,awss iot device shadows reminiscent picos cloud object represents unconnected device,2016
15201060,Twitter for iPhone,iam policies also give access device shadows,2016
15201060,Twitter for iPhone,iot cool technology especially device shadows,2016
733751613223997440,Twitter for Android,iot cool technology especially device shadows,2016
735601552774172672,Twitter for iPhone,iot cool technology especially device shadows,2016
399213240,Twitter for iPhone,iot cool technology especially device shadows,2016
1949825552,Twitter for Android,aws iotdevice shadow,2016
1231487526,Twitter for Android,heres flow aws iot device shadow,2016
30381751,Twitter for iPhone,aws iot device shadow virtual representation device,2016
4023999209,IFTTT,iam policies also give access device shadows,2016
4004722643,IFTTT,data access control device shadows works mqtt,2016
82221860,RoundTeam,iam policies also give access device shadows,2016
13864812,Twitter Web Client,aws iot platform includes device shadows connected devices temporarily reach http,2016
14574695,Twitter for iPhone,really like platform features elegant combination rest pubsub using device shadows,2016
2336234211,Twitter for iPhone,iot device shadow mqt,2016
586887461,IFTTT,discusses aws iot device shadows feature managing devices intermittent connectivity http,2016
66780587,Adobe® Social,device shadow talk device even offline program shadow,2016
344284994,IFTTT,aws iot device shadow,2016
19210074,IFTTT,python lambdaaws mobile hubaws iotaws iot device shadowsaws iot device sdk,2016
3326912038,Twitter Web Client,device shadowawsqueue,2016
252020185,Twitter for Android,aws device shadows lets u deal devices offline neat idea works,2016
389985989,Twitter for iPhone,discusses aws iot device shadows feature managing devices intermittent connectivity http,2016
5697162,Twitter for iPhone,aws device shadows lets u deal devices offline neat idea works,2016
854942928,Twitter for Android,watching amazons reinvent presentation iot many electric imp flashbacks especially device shadows,2016
354915812,Twitter Web Client,aws iotdevice shadow,2016
3902151389,IFTTT,device shadow,2016
724947426361114625,Twitter Web Client,discusses aws iot device shadows feature managing devices intermittent connectivity http,2016
8116902,Twitter for iPhone,discusses aws iot device shadows feature managing devices intermittent connectivity http,2016
565435064,Twitter for iPhone,shares device shadows communicate back even youre offline,2016
94017201,Twitter for iPhone,discusses aws iot device shadows feature managing devices intermittent connectivity http,2016
2335819230,RoundTeam,discusses aws iot device shadows feature managing devices intermittent connectivity http,2016
165632049,persdx,aws iot device shadows sounds little scary bit dr whoy dont blinkwtimeout,2016
1224192420,dlvr.it,discusses aws iot device shadows feature managing devices intermittent connectivity http,2016
724943508868575233,Twitter for iPhone,discusses aws iot device shadows feature managing devices intermittent connectivity http,2016
72373,Twitter for Android,aws iotdevice shadow,2016
2306990562,Twitter for iPhone,discusses aws iot device shadows feature managing devices intermittent connectivity http,2016
1205108580,Google,discusses aws iot device shadows feature managing devices intermittent connectivity http,2016
8307192,Twitter for iPhone,discusses aws iot device shadows feature managing devices intermittent connectivity http,2016
88570541,TweetDeck,discusses aws iot device shadows feature managing devices intermittent connectivity http,2016
110240050,Twitter Web Client,iot device shadow basically digital abstraction physical device,2016
227349917,Tweetbot for iΟS,iot device shadow basically digital abstraction physical device,2016
245945344,Hootsuite,read write disconnected sensors actuators using iot device shadows,2016
3356052532,BigDataTweetBot,aws iot pieces sdks device gateway amp rules engine registry device shadows allowing devices offline,2016
3307227342,twitterfeed,aws iot platform makes development effort easier device shadow addresses issue device offline,2016
245945344,Hootsuite,awss iot device shadows reminiscent picos cloud object represents unconnected devices state,2016
2189078301,Google,iot device shadows handles case devises offline device comes back online change desired state,2016
1678192584,Google,aws iot device shadows,2016
260984606,Google,discusses aws iot device shadows feature managing devices intermittent connectivity http,2016
2852365982,Google,iot device shadow basically digital abstraction physical device,2016
2992616456,Google,discusses aws iot device shadows feature managing devices intermittent connectivity http,2016
1681247468,Google,discusses aws iot device shadows feature managing devices intermittent connectivity http,2016
14879896,Twitter Web Client,discusses aws iot device shadows feature managing devices intermittent connectivity http,2016
770309118,Twitter for Android,discusses aws iot device shadows feature managing devices intermittent connectivity http,2016
15677734,Twitter for Android,aws iot device shadows offline access data devices,2016
196196960,Twitter for Android,discusses aws iot device shadows feature managing devices intermittent connectivity http,2016
4768931657,Twitter for Android,aws iotdevice shadow,2016
5898822,TweetDeck,discusses aws iot device shadows feature managing devices intermittent connectivity http,2016
1240724952,twitterfeed,aws iot device shadows aws iot device sdks,2016
39705126,Janetter,introduces device shadow know state thing even offline,2016
39705126,Janetter,device shadow talk device even offline program shadow,2016
39705126,Janetter,aws iotdevice shadow,2016
50285433,Twitter for iPhone,iot device shadow mqt,2016
4526791,Twitter for Android,aws device shadows lets u deal devices offline neat idea works,2016
34503473,Twitter for iPhone,mypov device shadows really cool way engage intermittent devices,2016
510252564,YoruFukurou,aws iot platform includes device shadows connected devices temporarily reach,2016
106798414,Tweetbot for iΟS,aws iotdevice shadow,2016
245945344,Hootsuite,iot device shadows handles case devises offline device comes back online change desired state,2016
91273583,Twitter Web Client,device shadow brilliant,2016
93541222,Twitter for iPhone,announcement aws iot device shadows offline support connected services,2016
3278060988,Twitter Web Client,device shadow somewhat spectacular,2016
310947139,Twitter Web Client,device shadows like backup devices hard real time data interesting,2016
3698050936,技術ブログ Bot,aws iotdevice shadow,2016
24665074,IFTTT,new feature aws iot device shadows,2016
3698050936,技術ブログ Bot,save money finding cheap books load reading device shadow moon mark brandon powell,2016
5217451,dlvr.it,recommend shadow fight v visit links android device shadow fight v,2016
1478691090,twitterfeed,device shadow desktop abstinence architecture gxnm,2016
3270550135,IFTTT,takes sort device shadow seeker arch device turn bow measure bow,2016
310947139,TweetDeck,liked video dream device shadow,2016
18995329,LinkedIn,news everybody sonic riders zero gravity gigan device shadow wii,2017
445458334,Twitter Web Client,dj breakdance comienza su set con hybrid device shadow records los esperamos hasta las,2017
929595346488934400,Twitter Web Client,instead relying lazy flush gather bits device shadow state build dword,2017
859085553345712128,Twitter for iPhone,playing core device shadow wall king diamond ap1 heavy metal buzz radio,2017
2355436417,TweetDeck,playing core device shadow wall king diamond ap1 heavy metal buzz radio,2017
2355436417,Twitter for iPhone,tegra deviceshadow gun goes hard paint,2017
63217703,Twitter for iPhone,playing core device shadow wall king diamond ap1 heavy metal buzz radio,2017
3370715344,tweetingpibot,playing core device shadow wall king diamond ap1 heavy metal buzz radio,2017
3370715344,tweetingpibot,playing core device shadow wall king diamond ap1 heavy metal buzz radio,2017
17358088,TweetDeck,yeah captors cameras device shadows dynamic reflect actual lightning conditions,2017
17358088,TweetDeck,anybody know device shadow,2017
156537915,Twitter for iPad,running cyanogen mod nightly droidx,2017
156537915,Twitter for iPad,arriving device shadow skids stop examines machine looks like theyve getting around,2017
48103507,LinkedIn,best game galaxy deviceshadow gun,2017
899880319569895425,Twitter Web App,,2017
722709069610557441,Twitter for iPhone,free kindle ebook also read computer mobile device shadow doubt melissa perez,2017
437619438,yammyapps,shadow lo ltimo de adobe para sincronizacin de dispositivos mviles por wifi,2017
775150438706352128,TweetDeck,available ereader device shadow legacy,2017
120967386,Sprinklr,gak work dhow 3 rt yg udah nyobain ganti languagenya mohon reportnya ya karena di device shadow semuanya work tanpa ham,2017
74723334,Echofon,yg udah nyobain ganti languagenya mohon reportnya ya karena di device shadow semuanya work tanpa hambatan 3,2017
821748775127552001,IFTTT,nah di device shadow lancar jaya tu tanpa force close,2017
3507117117,IFTTT,odd button darky pressed button leading game device,2017
37989567,Buffer,solitaire wily device shadow brd,2017
5866202,Twitter Web App,cannot otherwise jiva ply heraldic device shadow relative site,2017
5898822,TweetDeck,dont maneuver savingsecure franking mechanical device shadow cartridges online,2017
16159220,はてな / Hatena,create vertical device drop shadows css demo,2017
861950124972400640,Twitter Web Client,create vertical device drop shadows css demo,2017
795968492247859200,Twitter Web Client,create vertical device drop shadows css demo,2017
503116073,TweetDeck,cool rt create vertical device drop shadows css demo,2017
54160628,Tween,create vertical device drop shadows css demo,2017
23656730,Twitter for iPhone,create vertical device drop shadows css demo,2017
3178720082,Twitter for iPad,deadly device shadow waters edge trail twister,2017
71420797,Twitter Web Client,well damn look stable cm7 droid x lol,2017
628396412,Twitter for iPhone,mirror device shadow,2017
15428524,Twitter Web Client,recommend shadow strike v visit links android device shadow strike v,2017
1684603410,Twitter for iPhone,dont pep lessmake buy franking mechanical device shadow cartridges online rtwjp,2017
197193305,Twitter for Android,wily device shadow endless deposition stalk pull back gift endless notarized statement urldedkuc,2017
78734405,Tweetbot for iΟS,device shadow desktop deepseated shaping tnzl,2017
14600115,Twitter for Windows,hedged means idle foreclosures heraldic device shadow death turn aside provocation underwater odds forwardlooki wjsqu,2017
461876864,Twitter for iPhone,suning machine 002024 possessions weighty else device shadow accentssuning gome dazhonghc dtclhshsv,2017
197338233,Twitter for Android,like shadow phone could beginning something big,2017
3319021005,Twitter for Android,stood straight walked towards tails carefully taking device shadow turned slowly gently,2017
3319021005,Twitter for Android,ti build p ios device shadow,2017
55764408,Tweetbot for Mac,gps vehicle tracking device shadow tracker micro vision,2017
508475545,Twitter for Android,keeping device shadows vague towards topics still relevant fit,2017
2353495321,Twitter for Android,aws iot platform makes development effort easier device shadow addresses issue device offline,2017
37778253,Twitter for iPad,many leading man author rundown neighborhood device shadow bnjz,2017
3192821858,Twitter Web Client,amazon iot hits ga device shadows concept carduinonode sdks free lt250kmessmth,2017
2338341,TweetDeck,successful wedding canopy zeugma device shadow tip virtue writ federation intercommunicational uvjq,2017
49793268,Twitter Web Client,good demo iot micheal amazom elastic agriculture device shadowalso good explanation amit mobile app aws4u,2017
859500664921214976,Twitter for Android,aws iot device shadow simple yet powerful,2017
1684603410,Twitter for iPhone,device shadows,2017
22272248,OS X,aws iotrules enginedevice shadows,2017
3309188982,Twitter for Android,sure check device shadow feature,2017
2785183935,Twitter Web Client,device shadowdynamo db,2017
7067592,Twitter for Android,aws iot device shadow ios mqtt developersio b,2017
2958668424,Twitter Web Client,bring device amp shadow,2017
4134016874,Tweetbot for iΟS,aws iotdevice shadowdeltareported desiredreported udp,2017
823251820004909057,Twitter Web Client,aws iot device shadow ios mqtt developersio,2017
375396197,Twitter for iPhone,aws iot device shadow ios mqtt,2017
2785183935,Twitter Web Client,aws iot device shadow ios mqtt,2017
28777699,Twitter Web Client,developersio aws iot device shadow ios mqtt,2017
1684603410,Twitter for iPhone,aws iot device shadow ios mqtt aws reinvent aws iot iot,2017
3309188982,Twitter for Android,developersio aws iot device shadow ios mqtt,2017
28777699,Twitter Web Client,aws iot device shadow ios mqtt,2017
2785183935,Twitter Web Client,aws iot device shadow ios mqtt,2017
823251820004909057,Twitter Web Client,developersio aws iot device shadow ios mqtt,2017
14204694,Twitter for iPhone,save money finding cheap books load reading device shadows knight e whiter,2017
110240050,Twitter for iPhone,new favorite term device shadows,2017
823251820004909057,Twitter Web Client,aws iot includes device shadow takes snapshot devices last reported state,2017
823251820004909057,Twitter Web Client,impressive device shadow cool devices like sensors making last state representation available services,2017
9099062,Twitter for Android,things shadow thing shadow device shadow,2017
108664634,Twitter for Android,aws iotdevice shadow,2017
110240050,Twitter Web Client,aws iotdevice shadow,2017
8755982,Twitter Web Client,device shadow,2017
125621808,TweetDeck,introducing aws iot key words device gateway rule engine device shadow,2017
107830304,Twitter for iPhone,aws iot device shadow kind mqtt retain feature probably mqtt retain feature,2017
7622742,Twitter for iPhone,hard build marvel engineering device shadows looks straightforward,2017
156537915,Twitter for iPad,mypov device shadows really cool way engage intermittent devices,2017
1684603410,Twitter for iPhone,good overview aws iot features especially interesting security model device shadow concept,2017
823251820004909057,Twitter Web Client,regrowth iotdevice shadowsync,2017
156537915,Twitter for iPad,device shadowsshadowsshadows,2017
2785183935,Twitter Web Client,imo nio orchestrates edge may take device shadow overlap tm http,2017
28777699,Twitter Web Client,imo nio orchestrates edge may take device shadow overlap tm,2017
28777699,Twitter Web Client,amazon launches cloud services connected devices watch device shadow,2017
1684603410,Twitter for iPhone,device shadow talk device even offline program shadow,2017
157615933,Janetter for Android,amazon launches cloud services connected devices watch device shadow,2017
340951386,Twitter Web Client,aws iotdevice shadow,2017
125621808,Twitter for iPhone,still trying get device shadows seem interesting ive got questions identitysecurity features,2017
559251533,TweetDeck,mic drop day goes amazon device shadows lets track data devices offline,2017
5819432,Twitter for Android,looking announcements device shadow offloads thing reliability client interesting idea,2017
45360885,Twitter for iPhone,jumping data hosting devices middleware required device shadows keep state,2017
79413954,Twitter for iPhone,device shadow talk device even offline program shadow,2017
7622742,Twitter for iPhone,iot cool technology especially device shadows,2017
156537915,Twitter for iPad,iot cool technology especially device shadows,2017
1684603410,Twitter Web Client,aws device shadows lets u deal devices offline neat idea works,2017
1684603410,Twitter for iPhone,interesting stuff amazon like device shadows concept latency still big challenge,2017
1684603410,Twitter Web Client,iot cool technology especially device shadows,2017
16650099,Twitter for Mac,awss iot device shadows reminiscent picos cloud object represents unconnected device,2017
1220746027,Twitter Web Client,amazons iot drop today v big deal already huge sdk fanbase device shadows nice feature aws backend,2017
2785183935,Twitter Web Client,iot cool technology especially device shadows,2017
2785183935,Twitter Web Client,awss iot device shadows reminiscent picos cloud object represents unconnected device,2017
28777699,Twitter Web Client,awss iot device shadows reminiscent picos cloud object represents unconnected device,2017
28777699,Twitter Web Client,iam policies also give access device shadows,2017
823251820004909057,Twitter Web Client,iot cool technology especially device shadows,2017
823251820004909057,Twitter Web Client,iot cool technology especially device shadows,2017
1277335836,Twitter for Android,iot cool technology especially device shadows,2017
416265154,Twitter for Android,iot cool technology especially device shadows,2017
4134016874,Tweetbot for iΟS,aws iotdevice shadow,2017
509910764,Buffer,heres flow aws iot device shadow,2017
122497802,Twitter for iPhone,aws iot device shadow virtual representation device,2017
721736657024593920,Twitter Web Client,iam policies also give access device shadows,2017
721736657024593920,Twitter Web Client,data access control device shadows works mqtt,2017
823251820004909057,Twitter Web Client,iam policies also give access device shadows,2017
823251820004909057,Twitter Web Client,aws iot platform includes device shadows connected devices temporarily reach http,2017
2857426909,Indie Game dev bot 6,really like platform features elegant combination rest pubsub using device shadows,2017
43485947,erased8835843,iot device shadow mqt,2017
823251820004909057,Twitter for Android,discusses aws iot device shadows feature managing devices intermittent connectivity http,2017
823251820004909057,Twitter for Android,device shadow talk device even offline program shadow,2017
823251820004909057,Twitter for Android,aws iot device shadow,2017
2785183935,Twitter for Android,python lambdaaws mobile hubaws iotaws iot device shadowsaws iot device sdk,2017
2785183935,Twitter for Android,device shadowawsqueue,2017
1704544057,dlvr.it,aws device shadows lets u deal devices offline neat idea works,2017
1704544057,dlvr.it,discusses aws iot device shadows feature managing devices intermittent connectivity http,2017
14655794,IFTTT,aws device shadows lets u deal devices offline neat idea works,2017
1684603410,Twitter Web Client,watching amazons reinvent presentation iot many electric imp flashbacks especially device shadows,2017
245945344,Hootsuite,aws iotdevice shadow,2017
1684603410,Twitter for iPhone,device shadow,2017
778365624477114368,RoundTeam,discusses aws iot device shadows feature managing devices intermittent connectivity http,2017
1684603410,Twitter Web Client,discusses aws iot device shadows feature managing devices intermittent connectivity http,2017
1684603410,Twitter Web Client,shares device shadows communicate back even youre offline,2017
1217472919,dlvr.it,discusses aws iot device shadows feature managing devices intermittent connectivity http,2017
272283741,twbot2.rb,discusses aws iot device shadows feature managing devices intermittent connectivity http,2017
245945344,Hootsuite,aws iot device shadows sounds little scary bit dr whoy dont blinkwtimeout,2017
1238361752,dlvr.it,discusses aws iot device shadows feature managing devices intermittent connectivity http,2017
287402332,upmeetup,discusses aws iot device shadows feature managing devices intermittent connectivity http,2017
287402332,upmeetup,aws iotdevice shadow,2017
245945344,Hootsuite,discusses aws iot device shadows feature managing devices intermittent connectivity http,2017
287402332,upmeetup,discusses aws iot device shadows feature managing devices intermittent connectivity http,2017
287402332,upmeetup,discusses aws iot device shadows feature managing devices intermittent connectivity http,2017
287402332,upmeetup,discusses aws iot device shadows feature managing devices intermittent connectivity http,2017
287402332,upmeetup,iot device shadow basically digital abstraction physical device,2017
272283741,twbot2.rb,iot device shadow basically digital abstraction physical device,2017
9900912,connpass,read write disconnected sensors actuators using iot device shadows,2017
287402332,upmeetup,aws iot pieces sdks device gateway amp rules engine registry device shadows allowing devices offline,2017
380114301,connpass,aws iot platform makes development effort easier device shadow addresses issue device offline,2017
272283741,twbot2.rb,awss iot device shadows reminiscent picos cloud object represents unconnected devices state,2017
368660682,connpass,iot device shadows handles case devises offline device comes back online change desired state,2017
43711345,Twitter for Android,aws iot device shadows,2017
49281402,Twitter for Mac,discusses aws iot device shadows feature managing devices intermittent connectivity http,2017
145866853,Twitter for iPhone,news everybody sonic riders zero gravity gigan device shadow wii,2018
91780387,Twitter for Android,dj breakdance comienza su set con hybrid device shadow records los esperamos hasta las,2018
599446666,Twitter for Android,instead relying lazy flush gather bits device shadow state build dword,2018
936771382859436033,Twitter for iPhone,playing core device shadow wall king diamond ap1 heavy metal buzz radio,2018
17046089,Twitter for iPhone,playing core device shadow wall king diamond ap1 heavy metal buzz radio,2018
599446666,Twitter Web Client,tegra deviceshadow gun goes hard paint,2018
599446666,LinkedIn,playing core device shadow wall king diamond ap1 heavy metal buzz radio,2018
269032147,Twitter Web Client,playing core device shadow wall king diamond ap1 heavy metal buzz radio,2018
823634985244590081,Twitter Web Client,playing core device shadow wall king diamond ap1 heavy metal buzz radio,2018
1559210839,Twitter for iPhone,yeah captors cameras device shadows dynamic reflect actual lightning conditions,2018
402466811,Buffer,anybody know device shadow,2018
104737716,Twitter Web Client,running cyanogen mod nightly droidx,2018
145866853,Twitter for iPhone,arriving device shadow skids stop examines machine looks like theyve getting around,2018
766431397,Twitter Web Client,best game galaxy deviceshadow gun,2018
717384094254903297,IFTTT,,2018
16009149,Twitter for iPhone,free kindle ebook also read computer mobile device shadow doubt melissa perez,2018
1009871088820482048,nserverless,shadow lo ltimo de adobe para sincronizacin de dispositivos mviles por wifi,2018
766431397,Twitter Web Client,available ereader device shadow legacy,2018
766431397,Twitter for iPhone,gak work dhow 3 rt yg udah nyobain ganti languagenya mohon reportnya ya karena di device shadow semuanya work tanpa ham,2018
766431397,Twitter for iPhone,yg udah nyobain ganti languagenya mohon reportnya ya karena di device shadow semuanya work tanpa hambatan 3,2018
766431397,Twitter for iPhone,nah di device shadow lancar jaya tu tanpa force close,2018
1244967900,Twitter Web Client,odd button darky pressed button leading game device,2018
971620109197312000,Serverless Tweet/Retweet Bot,solitaire wily device shadow brd,2018
1677764882,IFTTT,cannot otherwise jiva ply heraldic device shadow relative site,2018
971620109197312000,Serverless Tweet/Retweet Bot,dont maneuver savingsecure franking mechanical device shadow cartridges online,2018
1677764882,IFTTT,create vertical device drop shadows css demo,2018
766431397,Twitter Web Client,create vertical device drop shadows css demo,2018
24348660,Twitter for iPhone,create vertical device drop shadows css demo,2018
766431397,Twitter for iPhone,cool rt create vertical device drop shadows css demo,2018
766431397,Twitter for iPhone,create vertical device drop shadows css demo,2018
949311959735791616,Twitter Web App,create vertical device drop shadows css demo,2018
949311959735791616,Twitter Web App,deadly device shadow waters edge trail twister,2018
4908885163,Twitter Web Client,well damn look stable cm7 droid x lol,2018
951690486917582850,Retweet not,mirror device shadow,2018
4908885163,Twitter Web Client,recommend shadow strike v visit links android device shadow strike v,2018
971620109197312000,Serverless Tweet/Retweet Bot,dont pep lessmake buy franking mechanical device shadow cartridges online rtwjp,2018
4263007693,Twitter Web Client,wily device shadow endless deposition stalk pull back gift endless notarized statement urldedkuc,2018
971620109197312000,Serverless Tweet/Retweet Bot,device shadow desktop deepseated shaping tnzl,2018
4263007693,Twitter Web Client,hedged means idle foreclosures heraldic device shadow death turn aside provocation underwater odds forwardlooki wjsqu,2018
782781891699175424,Twitter for Android,suning machine 002024 possessions weighty else device shadow accentssuning gome dazhonghc dtclhshsv,2018
915750657264685062,Twitter for Android,like shadow phone could beginning something big,2018
924173288409939968,NMC bot,stood straight walked towards tails carefully taking device shadow turned slowly gently,2018
314557862,Twitter Web App,ti build p ios device shadow,2018
1891739941,Twitter Web Client,gps vehicle tracking device shadow tracker micro vision,2018
417482440,Twitter for Android,keeping device shadows vague towards topics still relevant fit,2018
14851222,cloudshbot,aws iot platform makes development effort easier device shadow addresses issue device offline,2018
824070649073188865,DevHighlights,many leading man author rundown neighborhood device shadow bnjz,2018
2831576674,dainemawer-tweet-bot,amazon iot hits ga device shadows concept carduinonode sdks free lt250kmessmth,2018
2704581690,javascriptdigest2,successful wedding canopy zeugma device shadow tip virtue writ federation intercommunicational uvjq,2018
2841069441,Twitter Web App,good demo iot micheal amazom elastic agriculture device shadowalso good explanation amit mobile app aws4u,2018
830130240793899009,python-twiiter-bot,aws iot device shadow simple yet powerful,2018
812555214024740865,React Dev autobot,device shadows,2018
62932171,botodeboto,aws iotrules enginedevice shadows,2018
766431397,Twitter Web Client,sure check device shadow feature,2018
812424817483751424,Go RT Bot,device shadowdynamo db,2018
2461503793,Twitter for iPhone,aws iot device shadow ios mqtt developersio b,2018
904618028087816192,VuePackage,bring device amp shadow,2018
1009871088820482048,nserverless,aws iotdevice shadowdeltareported desiredreported udp,2018
949311959735791616,Twitter Web App,aws iot device shadow ios mqtt developersio,2018
4908885163,Twitter Web Client,aws iot device shadow ios mqtt,2018
971620109197312000,Serverless Tweet/Retweet Bot,aws iot device shadow ios mqtt,2018
4263007693,Buffer,developersio aws iot device shadow ios mqtt,2018
1263573806,Twitter for Android,aws iot device shadow ios mqtt aws reinvent aws iot iot,2018
1011277464327241728,Twitter Web Client,developersio aws iot device shadow ios mqtt,2018
3192821858,Twitter Web Client,aws iot device shadow ios mqtt,2018
915723751962087425,Twitter for Android,aws iot device shadow ios mqtt,2018
123450850,Facebook,developersio aws iot device shadow ios mqtt,2018
71247586,Twitter Web Client,save money finding cheap books load reading device shadows knight e whiter,2018
135205370,Twitter for iPad,new favorite term device shadows,2018
84092509,Twitter Web Client,aws iot includes device shadow takes snapshot devices last reported state,2018
967369791181762561,Twitter Web Client,impressive device shadow cool devices like sensors making last state representation available services,2018
10958392,TweetDeck,things shadow thing shadow device shadow,2018
102020985,Twitter Web App,aws iotdevice shadow,2018
102020985,Twitter Web App,aws iotdevice shadow,2018
637359277,Twitter Web Client,device shadow,2018
52327702,Twitter Web Client,introducing aws iot key words device gateway rule engine device shadow,2018
78616357,Twitter Web Client,aws iot device shadow kind mqtt retain feature probably mqtt retain feature,2018
557639847,Twitter Web Client,hard build marvel engineering device shadows looks straightforward,2018
3064796591,Twitter for iPhone,mypov device shadows really cool way engage intermittent devices,2018
16497594,HubSpot,good overview aws iot features especially interesting security model device shadow concept,2018
199722040,TweetDeck,regrowth iotdevice shadowsync,2018
836323112,Twitter Web Client,device shadowsshadowsshadows,2018
17409301,Twitter for iPhone,imo nio orchestrates edge may take device shadow overlap tm http,2018
949465657749286913,Twitter for Android,imo nio orchestrates edge may take device shadow overlap tm,2018
92439549,Twitter Web Client,amazon launches cloud services connected devices watch device shadow,2018
441504353,Twitter for Android,device shadow talk device even offline program shadow,2018
29642737,Twitter Web Client,amazon launches cloud services connected devices watch device shadow,2018
245945344,Hootsuite,aws iotdevice shadow,2018
256059028,TweetDeck,still trying get device shadows seem interesting ive got questions identitysecurity features,2018
385686492,Crowd Chat,mic drop day goes amazon device shadows lets track data devices offline,2018
778329986176577536,WioIoT1,looking announcements device shadow offloads thing reliability client interesting idea,2018
115239307,Twitter Web Client,jumping data hosting devices middleware required device shadows keep state,2018
115239307,Twitter Web Client,device shadow talk device even offline program shadow,2018
3302024740,JS.coach,iot cool technology especially device shadows,2018
4443981,Twitter for iPhone,iot cool technology especially device shadows,2018
3166261460,Twitter for Android,aws device shadows lets u deal devices offline neat idea works,2018
915120734678036481,Twitter for Android,interesting stuff amazon like device shadows concept latency still big challenge,2018
15594074,Twitter for Mac,iot cool technology especially device shadows,2018
766431397,Twitter Web Client,awss iot device shadows reminiscent picos cloud object represents unconnected device,2018
766431397,Twitter Web Client,amazons iot drop today v big deal already huge sdk fanbase device shadows nice feature aws backend,2018
951951066937024512,Twitter for Android,iot cool technology especially device shadows,2018
944251097480171520,Twitter for iPhone,awss iot device shadows reminiscent picos cloud object represents unconnected device,2018
4908885163,Twitter Web Client,awss iot device shadows reminiscent picos cloud object represents unconnected device,2018
144566001,Twitter for iPhone,iam policies also give access device shadows,2018
101879021,Twitter Web App,iot cool technology especially device shadows,2018
48144253,Twitter for iPhone,iot cool technology especially device shadows,2018
766431397,Twitter Web Client,iot cool technology especially device shadows,2018
2874676055,RoundTeam,iot cool technology especially device shadows,2018
3291650595,dlvr.it,aws iotdevice shadow,2018
949311959735791616,Twitter Web App,heres flow aws iot device shadow,2018
4263007693,Twitter Web Client,aws iot device shadow virtual representation device,2018
4908885163,Buffer,iam policies also give access device shadows,2018
63222373,dlvr.it,data access control device shadows works mqtt,2018
63222373,dlvr.it,iam policies also give access device shadows,2018
710541367521517568,Twitter Web App,aws iot platform includes device shadows connected devices temporarily reach http,2018
17620014,Twitter Web Client,really like platform features elegant combination rest pubsub using device shadows,2018
717393942669574148,Twitter for Android,iot device shadow mqt,2018
908232604519997441,Twitter for Android,discusses aws iot device shadows feature managing devices intermittent connectivity http,2018
1064770432547545088,Twitter for Android,news everybody sonic riders zero gravity gigan device shadow wii,2019
1096656069286277120,IFTTT,dj breakdance comienza su set con hybrid device shadow records los esperamos hasta las,2019
79328715,はてな / Hatena,instead relying lazy flush gather bits device shadow state build dword,2019
18628798,IFTTT,playing core device shadow wall king diamond ap1 heavy metal buzz radio,2019
4958651,IFTTT,playing core device shadow wall king diamond ap1 heavy metal buzz radio,2019
24665074,Zapier.com,tegra deviceshadow gun goes hard paint,2019
827107145028075520,Twitter for Android,playing core device shadow wall king diamond ap1 heavy metal buzz radio,2019
702531321986416640,Twitter for Android,playing core device shadow wall king diamond ap1 heavy metal buzz radio,2019
1133277418435883008,Twitter for Android,playing core device shadow wall king diamond ap1 heavy metal buzz radio,2019
1049270661464580096,Twitter for iPhone,yeah captors cameras device shadows dynamic reflect actual lightning conditions,2019
1115198022,Twitter Web App,anybody know device shadow,2019
52831036,Twitter for iPhone,running cyanogen mod nightly droidx,2019
1605693206,CuratingDevList,arriving device shadow skids stop examines machine looks like theyve getting around,2019
18910830,Buffer,best game galaxy deviceshadow gun,2019
1472107722,Twitter Web App,,2019
3431735625,Twitter Web Client,free kindle ebook also read computer mobile device shadow doubt melissa perez,2019
148119913,Twitter Web App,shadow lo ltimo de adobe para sincronizacin de dispositivos mviles por wifi,2019
57981757,Twitter Web App,available ereader device shadow legacy,2019
1472107722,Sprout Social,gak work dhow 3 rt yg udah nyobain ganti languagenya mohon reportnya ya karena di device shadow semuanya work tanpa ham,2019
868206816840359937,Sprout Social,yg udah nyobain ganti languagenya mohon reportnya ya karena di device shadow semuanya work tanpa hambatan 3,2019
18910830,Buffer,nah di device shadow lancar jaya tu tanpa force close,2019
19026845,Twitter for iPhone,odd button darky pressed button leading game device,2019
18910830,Buffer,solitaire wily device shadow brd,2019
835835996952473600,Twitter Web App,cannot otherwise jiva ply heraldic device shadow relative site,2019
835835996952473600,Twitter Web App,dont maneuver savingsecure franking mechanical device shadow cartridges online,2019
340903254,Twitter Web App,create vertical device drop shadows css demo,2019
804599257,Twitter Web App,create vertical device drop shadows css demo,2019
3032602536,TweetDeck,create vertical device drop shadows css demo,2019
2262815731,Twitter Web App,cool rt create vertical device drop shadows css demo,2019
549012259,WeallTweeter,create vertical device drop shadows css demo,2019
983378567147982849,Twitter for Advertisers (legacy),create vertical device drop shadows css demo,2019
507415544,Hootsuite Inc.,deadly device shadow waters edge trail twister,2019
752762279544885248,Twitter for Advertisers (legacy),well damn look stable cm7 droid x lol,2019
857921775589613568,Twitter Web App,mirror device shadow,2019
962082019076386816,Twitter for iPhone,recommend shadow strike v visit links android device shadow strike v,2019
962080120193404929,Twitter for iPhone,dont pep lessmake buy franking mechanical device shadow cartridges online rtwjp,2019
14715458,Hootsuite Inc.,wily device shadow endless deposition stalk pull back gift endless notarized statement urldedkuc,2019
225553957,IFTTT,device shadow desktop deepseated shaping tnzl,2019
225553957,IFTTT,hedged means idle foreclosures heraldic device shadow death turn aside provocation underwater odds forwardlooki wjsqu,2019
962080120193404929,Twitter for iPhone,suning machine 002024 possessions weighty else device shadow accentssuning gome dazhonghc dtclhshsv,2019
14715458,Hootsuite Inc.,like shadow phone could beginning something big,2019
225553957,IFTTT,stood straight walked towards tails carefully taking device shadow turned slowly gently,2019
2449486776,Buffer,ti build p ios device shadow,2019
225553957,IFTTT,gps vehicle tracking device shadow tracker micro vision,2019
2449486776,Buffer,keeping device shadows vague towards topics still relevant fit,2019
225553957,IFTTT,aws iot platform makes development effort easier device shadow addresses issue device offline,2019
23612514,Twitter Web Client,many leading man author rundown neighborhood device shadow bnjz,2019
2449486776,Buffer,amazon iot hits ga device shadows concept carduinonode sdks free lt250kmessmth,2019
2742938653,Twitter Web Client,successful wedding canopy zeugma device shadow tip virtue writ federation intercommunicational uvjq,2019
2468070414,Twitter Web Client,good demo iot micheal amazom elastic agriculture device shadowalso good explanation amit mobile app aws4u,2019
480875170,Twitter Web App,aws iot device shadow simple yet powerful,2019
225553957,IFTTT,device shadows,2019
724813297363607553,Buffer,aws iotrules enginedevice shadows,2019
14314862,IFTTT,sure check device shadow feature,2019
19309084,Sprout Social,device shadowdynamo db,2019
40899595,Sprout Social,aws iot device shadow ios mqtt developersio b,2019
2449486776,Buffer,bring device amp shadow,2019
225553957,IFTTT,aws iotdevice shadowdeltareported desiredreported udp,2019
162715346,Twitter Web Client,aws iot device shadow ios mqtt developersio,2019
64549933,Twitter Web Client,aws iot device shadow ios mqtt,2019
856202638752444417,Twitter Web Client,aws iot device shadow ios mqtt,2019
425384568,Twitter for iPhone,developersio aws iot device shadow ios mqtt,2019
845732337858043904,Twitter for iPhone,aws iot device shadow ios mqtt aws reinvent aws iot iot,2019
138381697,IFTTT,developersio aws iot device shadow ios mqtt,2019
958425442725240832,TweetDeck,aws iot device shadow ios mqtt,2019
817056637777154049,Twitter Web App,aws iot device shadow ios mqtt,2019
1027462467884994560,Twitter Web App,developersio aws iot device shadow ios mqtt,2019
199408473,Twitter Web App,save money finding cheap books load reading device shadows knight e whiter,2019
1105331241585266688,Twitter Web App,new favorite term device shadows,2019
1105827743499997187,Twitter Web Client,aws iot includes device shadow takes snapshot devices last reported state,2019
1087710222599114752,Twitter Web App,impressive device shadow cool devices like sensors making last state representation available services,2019
66930298,Twitter for iPhone,things shadow thing shadow device shadow,2019
1089537563885334533,Twitter for Android,aws iotdevice shadow,2019
365300297,Twitter for Android,aws iotdevice shadow,2019
1103649396929904640,Twitter for Android,device shadow,2019
1105088212396064768,Twitter for Android,introducing aws iot key words device gateway rule engine device shadow,2019
45834444,Twitter for iPhone,aws iot device shadow kind mqtt retain feature probably mqtt retain feature,2019
799126679457120256,Twitter for iPhone,hard build marvel engineering device shadows looks straightforward,2019
711009954,Twitter for Android,mypov device shadows really cool way engage intermittent devices,2019
4888087719,Twitter Web Client,good overview aws iot features especially interesting security model device shadow concept,2019
2864641303,IFTTT,regrowth iotdevice shadowsync,2019
53990766,IFTTT,device shadowsshadowsshadows,2019
2449486776,Buffer,imo nio orchestrates edge may take device shadow overlap tm http,2019
4165508771,Twitter Web App,imo nio orchestrates edge may take device shadow overlap tm,2019
936675102481055753,itfmco,amazon launches cloud services connected devices watch device shadow,2019
856240505826496513,dlvr.it,device shadow talk device even offline program shadow,2019
842546050787295232,IoT.ng,amazon launches cloud services connected devices watch device shadow,2019
225553957,IFTTT,aws iotdevice shadow,2019
573581801,IFTTT,still trying get device shadows seem interesting ive got questions identitysecurity features,2019
729986807371161600,Amplifr,mic drop day goes amazon device shadows lets track data devices offline,2019
50654874,Amplifr,looking announcements device shadow offloads thing reliability client interesting idea,2019
1130074457471475712,Twitter for iPhone,jumping data hosting devices middleware required device shadows keep state,2019
1130074457471475712,Twitter for iPhone,device shadow talk device even offline program shadow,2019
16557322,Twitter for iPhone,iot cool technology especially device shadows,2019
1130074457471475712,Twitter for iPhone,iot cool technology especially device shadows,2019
1130074457471475712,Twitter for iPhone,aws device shadows lets u deal devices offline neat idea works,2019
1130074457471475712,Twitter for iPhone,interesting stuff amazon like device shadows concept latency still big challenge,2019
965187536707637248,Twitter for Android,iot cool technology especially device shadows,2019
1400335483,Twitter Web Client,awss iot device shadows reminiscent picos cloud object represents unconnected device,2019
333311525,Twitter for Android,amazons iot drop today v big deal already huge sdk fanbase device shadows nice feature aws backend,2019
16994237,Twitter for Android,iot cool technology especially device shadows,2019
17189394,TweetDeck,awss iot device shadows reminiscent picos cloud object represents unconnected device,2019
400391306,Twitter for iPad,awss iot device shadows reminiscent picos cloud object represents unconnected device,2019
51786437,Twitter for Android,iam policies also give access device shadows,2019
3658011,Twitter for iPhone,iot cool technology especially device shadows,2019
119965940,Twitter Web Client,iot cool technology especially device shadows,2019
264955322,Twitter for Android,iot cool technology especially device shadows,2019
15163543,Twitterrific for iOS,iot cool technology especially device shadows,2019
996293582960013312,Twitter for Android,aws iotdevice shadow,2019
37501780,Twitter for iPhone,heres flow aws iot device shadow,2019
390767688,Twitter for iPad,aws iot device shadow virtual representation device,2019
48443,Twitter Web Client,iam policies also give access device shadows,2019
3326912038,Twitter for iPhone,data access control device shadows works mqtt,2019
45314209,Buffer,iam policies also give access device shadows,2019
330877406,Buffer,aws iot platform includes device shadows connected devices temporarily reach http,2019
89265517,Twitter Web Client,really like platform features elegant combination rest pubsub using device shadows,2019
1096507279392862209,Twitter for Android,iot device shadow mqt,2019
148970094,Tweetbot for iΟS,discusses aws iot device shadows feature managing devices intermittent connectivity http,2019
88427595,Twitter for iPhone,device shadow talk device even offline program shadow,2019
37989688,Twitter for iPhone,aws iot device shadow,2019
3271255423,Twitter Web Client,python lambdaaws mobile hubaws iotaws iot device shadowsaws iot device sdk,2019
863361938906124289,Twitter for iPad,device shadowawsqueue,2019
39348379,TweetDeck,aws device shadows lets u deal devices offline neat idea works,2019
77834603,TweetDeck,discusses aws iot device shadows feature managing devices intermittent connectivity http,2019
767351397901893632,Twitter for Android,aws device shadows lets u deal devices offline neat idea works,2019
14384807,Twitter for Android,watching amazons reinvent presentation iot many electric imp flashbacks especially device shadows,2019
2981294109,Twitter for Android,aws iotdevice shadow,2019
720459865,Google,device shadow,2019
950105986966179841,Google,discusses aws iot device shadows feature managing devices intermittent connectivity http,2019
2913013188,Twitter for iPhone,discusses aws iot device shadows feature managing devices intermittent connectivity http,2019
1500083942,Twitter Web Client,shares device shadows communicate back even youre offline,2019
985214148060569600,Twitter for iPhone,discusses aws iot device shadows feature managing devices intermittent connectivity http,2019
1500083942,Twitter Web Client,discusses aws iot device shadows feature managing devices intermittent connectivity http,2019
1040351960757686274,Intelligent Edge Iot and AI Bot,aws iot device shadows sounds little scary bit dr whoy dont blinkwtimeout,2019
1130269110,HubSpot,discusses aws iot device shadows feature managing devices intermittent connectivity http,2019
18628798,IFTTT,news everybody sonic riders zero gravity gigan device shadow wii,2020
59353728,Twitter Web App,dj breakdance comienza su set con hybrid device shadow records los esperamos hasta las,2020
19108985,Twitter Web App,instead relying lazy flush gather bits device shadow state build dword,2020
1233608415395475456,uhiiman_bot,playing core device shadow wall king diamond ap1 heavy metal buzz radio,2020
1298163372530130944,Twitter,playing core device shadow wall king diamond ap1 heavy metal buzz radio,2020
75718182,Twitter for iPhone,tegra deviceshadow gun goes hard paint,2020
1313643195801063424,"Cheap Bots, Done Quick!",playing core device shadow wall king diamond ap1 heavy metal buzz radio,2020
153443483,Twitter Web App,playing core device shadow wall king diamond ap1 heavy metal buzz radio,2020
48443,Twitter Web App,playing core device shadow wall king diamond ap1 heavy metal buzz radio,2020
748838112005070848,IFTTT,yeah captors cameras device shadows dynamic reflect actual lightning conditions,2020
1298258757718163461,Twitter for iPhone,anybody know device shadow,2020
916172965460373504,aws_whats_new,running cyanogen mod nightly droidx,2020
268269978,Echofon,arriving device shadow skids stop examines machine looks like theyve getting around,2020
126179843,Twitter Web App,best game galaxy deviceshadow gun,2020
717384094254903297,IFTTT,,2020
1432755685,IFTTT,free kindle ebook also read computer mobile device shadow doubt melissa perez,2020
1233608415395475456,uhiiman_bot,shadow lo ltimo de adobe para sincronizacin de dispositivos mviles por wifi,2020
1295446424444899331,Twitter Web App,available ereader device shadow legacy,2020
4839215822,Periscope Is Lit,gak work dhow 3 rt yg udah nyobain ganti languagenya mohon reportnya ya karena di device shadow semuanya work tanpa ham,2020
1277873138840281088,Twitter,yg udah nyobain ganti languagenya mohon reportnya ya karena di device shadow semuanya work tanpa hambatan 3,2020
636396043,Buffer,nah di device shadow lancar jaya tu tanpa force close,2020
23059309,TweetDeck,odd button darky pressed button leading game device,2020
2184307566,Twitter for iPad,solitaire wily device shadow brd,2020
969924541,Twitter for Android,cannot otherwise jiva ply heraldic device shadow relative site,2020
2360931728,App for buildvirtual,dont maneuver savingsecure franking mechanical device shadow cartridges online,2020
804599257,Twitter Web App,create vertical device drop shadows css demo,2020
80253571,Twitter for Android,create vertical device drop shadows css demo,2020
2360931728,App for buildvirtual,create vertical device drop shadows css demo,2020
74378277,TweetDeck,cool rt create vertical device drop shadows css demo,2020
2360931728,App for buildvirtual,create vertical device drop shadows css demo,2020
2336234211,Twitter for iPad,create vertical device drop shadows css demo,2020
1256489753840545792,Twitter Web App,deadly device shadow waters edge trail twister,2020
1234687264497770497,Twitter Web App,well damn look stable cm7 droid x lol,2020
2360931728,App for buildvirtual,mirror device shadow,2020
586887461,IFTTT,recommend shadow strike v visit links android device shadow strike v,2020
896366635828875264,Twitter for iPhone,dont pep lessmake buy franking mechanical device shadow cartridges online rtwjp,2020
7929042,python-twitter-test-local-use,wily device shadow endless deposition stalk pull back gift endless notarized statement urldedkuc,2020
3227195371,aws-twitterbot-workshop,device shadow desktop deepseated shaping tnzl,2020
1107350121656668160,Follow GitHub Organisation,hedged means idle foreclosures heraldic device shadow death turn aside provocation underwater odds forwardlooki wjsqu,2020
15656849,Engage.Social,suning machine 002024 possessions weighty else device shadow accentssuning gome dazhonghc dtclhshsv,2020
714979335082536960,Twitter for Android,like shadow phone could beginning something big,2020
2555289205,IFTTT,stood straight walked towards tails carefully taking device shadow turned slowly gently,2020
1226942296572284928,Twitter for Android,ti build p ios device shadow,2020
1176389620264624129,Hootsuite Inc.,gps vehicle tracking device shadow tracker micro vision,2020
82350646,Twitter for iPhone,keeping device shadows vague towards topics still relevant fit,2020
67058089,Twitter for iPhone,aws iot platform makes development effort easier device shadow addresses issue device offline,2020
18230159,Twitter for iPhone,many leading man author rundown neighborhood device shadow bnjz,2020
319114010,Microsoft Power Platform,amazon iot hits ga device shadows concept carduinonode sdks free lt250kmessmth,2020
2981594310,Twitter for Android,successful wedding canopy zeugma device shadow tip virtue writ federation intercommunicational uvjq,2020
3064266184,Twitter Web App,good demo iot micheal amazom elastic agriculture device shadowalso good explanation amit mobile app aws4u,2020
414386143,Twitter Web App,aws iot device shadow simple yet powerful,2020
922341375667986432,Pocket Console,device shadows,2020
66780587,Sprinklr,aws iotrules enginedevice shadows,2020
16453070,Twitter Web App,sure check device shadow feature,2020
114982638,TweetDeck,device shadowdynamo db,2020
1272978164742905856,Embedde_BOT,aws iot device shadow ios mqtt developersio b,2020
284068570,Jacobus Systems 1,bring device amp shadow,2020
351930287,The Tweeted Times,aws iotdevice shadowdeltareported desiredreported udp,2020
486379155,Twitter for iPhone,aws iot device shadow ios mqtt developersio,2020
1072469828957495296,IFTTT,aws iot device shadow ios mqtt,2020
2339981132,IFTTT,aws iot device shadow ios mqtt,2020
748838112005070848,IFTTT,developersio aws iot device shadow ios mqtt,2020
29006872,IFTTT,aws iot device shadow ios mqtt aws reinvent aws iot iot,2020
4890816472,IFTTT,developersio aws iot device shadow ios mqtt,2020
2279237089,IFTTT,aws iot device shadow ios mqtt,2020
865658744,IFTTT,aws iot device shadow ios mqtt,2020
2593702652,GIXtools activity monitor,developersio aws iot device shadow ios mqtt,2020
916172965460373504,aws_whats_new,save money finding cheap books load reading device shadows knight e whiter,2020
319114010,Microsoft Power Platform,new favorite term device shadows,2020
950783869158088704,TechnorIoT Bot,aws iot includes device shadow takes snapshot devices last reported state,2020
586753577,Tweet AWS Updates,impressive device shadow cool devices like sensors making last state representation available services,2020
1107350121656668160,Follow GitHub Organisation,things shadow thing shadow device shadow,2020
3227195371,aws-twitterbot-workshop,aws iotdevice shadow,2020
1107350121656668160,Follow GitHub Organisation,aws iotdevice shadow,2020
34892456,Zapier.com,device shadow,2020
268269978,Echofon,introducing aws iot key words device gateway rule engine device shadow,2020
1009086962060283904,Twitter for Android,aws iot device shadow kind mqtt retain feature probably mqtt retain feature,2020
1289221929640042496,Twitter Web App,hard build marvel engineering device shadows looks straightforward,2020
2755592574,Twitter Web App,mypov device shadows really cool way engage intermittent devices,2020
1096656069286277120,tech_blog_feeder,good overview aws iot features especially interesting security model device shadow concept,2020
1246977906233892865,EngineerBlogs,regrowth iotdevice shadowsync,2020
1233608415395475456,uhiiman_bot,device shadowsshadowsshadows,2020
18628798,IFTTT,imo nio orchestrates edge may take device shadow overlap tm http,2020
996215656440877057,Twitter for iPhone,imo nio orchestrates edge may take device shadow overlap tm,2020
1282550243410812930,Twitter for Android,amazon launches cloud services connected devices watch device shadow,2020
2341423152,Tweetbot for Mac,device shadow talk device even offline program shadow,2020
1176247258083409920,Twitter for iPhone,amazon launches cloud services connected devices watch device shadow,2020
140512058,Twitter Web App,aws iotdevice shadow,2020
868084744763965443,Mobile Web (M2),still trying get device shadows seem interesting ive got questions identitysecurity features,2020
3086889841,Paradigm Interactions Inc.,mic drop day goes amazon device shadows lets track data devices offline,2020
1074205667265699840,Twitter Web App,looking announcements device shadow offloads thing reliability client interesting idea,2020
284068570,Jacobus Systems 1,jumping data hosting devices middleware required device shadows keep state,2020
23059309,TweetDeck,device shadow talk device even offline program shadow,2020
1262414532397285376,Twittimer,iot cool technology especially device shadows,2020
1081468790536392704,Instagram,iot cool technology especially device shadows,2020
856240505826496513,dlvr.it,aws device shadows lets u deal devices offline neat idea works,2020
575438043,Twitter for Android,interesting stuff amazon like device shadows concept latency still big challenge,2020
33683378,Twitter Web App,iot cool technology especially device shadows,2020
1193098104272121857,Twitter for Android,awss iot device shadows reminiscent picos cloud object represents unconnected device,2020
1057349842329133058,Twitter for iPhone,amazons iot drop today v big deal already huge sdk fanbase device shadows nice feature aws backend,2020
776141864470585344,Twitter for iPhone,iot cool technology especially device shadows,2020
1173954151199510531,Twitter for Android,awss iot device shadows reminiscent picos cloud object represents unconnected device,2020
1233498309588897793,Twitter for Android,awss iot device shadows reminiscent picos cloud object represents unconnected device,2020
139982400,Twitter Web App,iam policies also give access device shadows,2020
119263269,Skyarchbroadcasting to Twitter,iot cool technology especially device shadows,2020
5838092,Twitter Web App,iot cool technology especially device shadows,2020
950783869158088704,TechnorIoT Bot,iot cool technology especially device shadows,2020
141333525,TheIoT,iot cool technology especially device shadows,2020
1096656069286277120,IFTTT,aws iotdevice shadow,2020
304213069,IFTTT,heres flow aws iot device shadow,2020
72556657,Twitter for iPhone,aws iot device shadow virtual representation device,2020
34892456,Zapier.com,iam policies also give access device shadows,2020
63482906,Twitter Web Client,data access control device shadows works mqtt,2020
1233608415395475456,uhiiman_bot,iam policies also give access device shadows,2020
18628798,IFTTT,aws iot platform includes device shadows connected devices temporarily reach http,2020
24665074,Zapier.com,really like platform features elegant combination rest pubsub using device shadows,2020
912353468383297537,Twitter for Android,iot device shadow mqt,2020
21223044,Twitter Web App,discusses aws iot device shadows feature managing devices intermittent connectivity http,2020
1080370075742289921,Twitter Web App,device shadow talk device even offline program shadow,2020
379522746,Twitter Web App,aws iot device shadow,2020
80253571,Twitter for Android,python lambdaaws mobile hubaws iotaws iot device shadowsaws iot device sdk,2020
284068570,Jacobus Systems 1,device shadowawsqueue,2020
716348353915686912,Hacker Noon,aws device shadows lets u deal devices offline neat idea works,2020
859161773387259904,Twitter for iPad,discusses aws iot device shadows feature managing devices intermittent connectivity http,2020
2780842141,Twitter Web App,aws device shadows lets u deal devices offline neat idea works,2020
20143298,Twitter for Android,watching amazons reinvent presentation iot many electric imp flashbacks especially device shadows,2020
107596984,Twitter for iPhone,aws iotdevice shadow,2020
111457430,Hootsuite Inc.,device shadow,2020
44850418,Twitter Web App,discusses aws iot device shadows feature managing devices intermittent connectivity http,2020
80253571,Twitter for Android,discusses aws iot device shadows feature managing devices intermittent connectivity http,2020
284068570,Jacobus Systems 1,shares device shadows communicate back even youre offline,2020
716348353915686912,Hacker Noon,discusses aws iot device shadows feature managing devices intermittent connectivity http,2020
734928344752521216,Twitter for Android,discusses aws iot device shadows feature managing devices intermittent connectivity http,2020
43492898,SocialPilot.co,aws iot device shadows sounds little scary bit dr whoy dont blinkwtimeout,2020
2459121175,Twitter for iPhone,discusses aws iot device shadows feature managing devices intermittent connectivity http,2020
84553827,Twitter for iPhone,discusses aws iot device shadows feature managing devices intermittent connectivity http,2020
309458567,Twitter Web App,aws iotdevice shadow,2020
1017179180,Twitter for iPhone,discusses aws iot device shadows feature managing devices intermittent connectivity http,2020
730534774612332544,Twitter for Android,discusses aws iot device shadows feature managing devices intermittent connectivity http,2020
798780397,Twitter Web App,discusses aws iot device shadows feature managing devices intermittent connectivity http,2020
188051043,Twitter for Android,discusses aws iot device shadows feature managing devices intermittent connectivity http,2020
2377894584,Twitter for Android,iot device shadow basically digital abstraction physical device,2020
315110421,Twitter for Android,iot device shadow basically digital abstraction physical device,2020
487549528,Twitter Web App,read write disconnected sensors actuators using iot device shadows,2020
3385032783,Twitter for iPhone,aws iot pieces sdks device gateway amp rules engine registry device shadows allowing devices offline,2020
392461085,Twitter for Android,aws iot platform makes development effort easier device shadow addresses issue device offline,2020
803810232598138880,Twitter for Android,awss iot device shadows reminiscent picos cloud object represents unconnected devices state,2020
1268102419,Twitter for iPhone,iot device shadows handles case devises offline device comes back online change desired state,2020
3243487597,Twitter for iPhone,aws iot device shadows,2020
2912068707,Twitter for iPhone,discusses aws iot device shadows feature managing devices intermittent connectivity http,2020
284068570,Jacobus Systems 1,iot device shadow basically digital abstraction physical device,2020
716348353915686912,Twitter for Android,discusses aws iot device shadows feature managing devices intermittent connectivity http,2020
14409971,Twitter for iPhone,discusses aws iot device shadows feature managing devices intermittent connectivity http,2020
840124559307161600,Twitter for Android,discusses aws iot device shadows feature managing devices intermittent connectivity http,2020
1114730292,Twitter for Android,discusses aws iot device shadows feature managing devices intermittent connectivity http,2020
926083010637811712,Twitter for Android,aws iot device shadows offline access data devices,2020
2537475406,Twitter for Android,discusses aws iot device shadows feature managing devices intermittent connectivity http,2020
761984288225107968,Twitter for Android,aws iotdevice shadow,2020
156126182,Twitter for iPhone,discusses aws iot device shadows feature managing devices intermittent connectivity http,2020
15315623,Twitter for Android,aws iot device shadows aws iot device sdks,2020
287606350,Twitter for iPhone,introduces device shadow know state thing even offline,2020
883673936,Twitter for iPhone,device shadow talk device even offline program shadow,2020
2533031,Twitter for iPhone,aws iotdevice shadow,2020
261476962,Twitter for Android,iot device shadow mqt,2020
1194212820751011840,Twitter Web App,aws device shadows lets u deal devices offline neat idea works,2020
807599759292858368,Twitter Web App,mypov device shadows really cool way engage intermittent devices,2020
80727653,Twitter for Android,aws iot platform includes device shadows connected devices temporarily reach,2020
341857168,Twitter for Android,aws iotdevice shadow,2020
14656919,Twitter for Android,iot device shadows handles case devises offline device comes back online change desired state,2020
1087691295672258567,Twitter for Android,device shadow brilliant,2020
80253571,Twitter for Android,announcement aws iot device shadows offline support connected services,2020
82068156,Twitter for iPhone,device shadow somewhat spectacular,2020
1295131525,Twitter for Android,device shadows like backup devices hard real time data interesting,2020
458212709,Twitter for Android,aws iotdevice shadow,2020
2787484663,Twitter Web App,new feature aws iot device shadows,2020
459072132,Twitter for Android,save money finding cheap books load reading device shadow moon mark brandon powell,2020
586614330,Twitter for Android,recommend shadow fight v visit links android device shadow fight v,2020
4132925174,Twitter for iPhone,device shadow desktop abstinence architecture gxnm,2020
23090019,Twitter Web App,takes sort device shadow seeker arch device turn bow measure bow,2020
15030615,Twitter Web App,liked video dream device shadow,2020
951231472786165761,Twitter for Android,using trigonometry end best way set universal device shadow math teacher could see,2020
54864774,Twitter Web App,checked campaign stay safe device shadow,2020
284068570,Jacobus Systems 1,checked campaign stay safe device shadow,2020
716348353915686912,Hacker Noon,checked campaign stay safe device shadow,2020
1166260127747280904,WordPress.com,checked campaign stay safe device shadow,2020
1227841442,WordPress.com,indiegogo find shadow wearable safety device shadow brings ive fallen cant get touch,2020
16309969,dlvr.it,shadow wearable safety device shadow wearable safety dev,2020
10409622,@thedextazlab,snuff device shadow la whiff unto life ease otukbt,2020
4639018735,py-feedr-M157q,follows amazons device shadow concept iot hub builtin device twins great stuff,2020
192928747,Twitter for Android,amazon promoting device shadows welcome,2020
1115198022,Twitter for iPhone,amazon promoting device shadows welcome,2020
4958651,IFTTT,listening edge cloud connect aws iot platform works device shadow state cool,2020
